"1", "last_mega.txt", "17/05/2018 10:35:12", "josephaditya", "VOLANTIS", "107", "27/04/2018 07:09:19", "F0-26-AC-D7-96-80-ED-0F-4E-97-3C-6F-DC-C8-FA-CB-7D-35-27-2A", "Sent"
"2", "12b.png", "17/05/2018 10:35:12", "josephaditya", "VOLANTIS", "52.396", "26/04/2018 10:23:42", "B3-38-C2-D8-57-64-8B-F3-9E-5F-6E-0B-5B-C5-9B-4D-40-29-AA-73", "Sent"
"3", "12.png", "17/05/2018 10:35:12", "josephaditya", "VOLANTIS", "136.911", "26/04/2018 10:24:05", "65-48-2B-50-02-B7-45-82-CB-10-7F-0C-05-F5-13-30-ED-E7-4E-41", "Sent"
"4", "Christopher.jpg", "17/05/2018 11:12:28", "josephaditya", "VOLANTIS", "47.051", "16/04/2018 12:41:28", "67-5F-ED-25-B9-C5-29-20-1E-72-3E-2E-CC-AE-AB-D3-E7-4F-DF-71", "Sent"
"5", "Christopher.psd", "17/05/2018 11:12:28", "josephaditya", "VOLANTIS", "3.065.332", "16/04/2018 12:45:47", "C4-C8-16-64-0D-7F-EF-6A-E5-C6-D1-D7-6D-EF-12-F5-A0-F6-22-BC", "Sent"
"6", "Christopher1.jpg", "17/05/2018 11:12:28", "josephaditya", "VOLANTIS", "47.235", "16/04/2018 12:45:34", "A1-92-82-CD-91-ED-E4-23-D3-E5-4B-AB-43-00-D6-11-BA-B3-8E-88", "Sent"
"7", "WhatsApp Image 2018-04-16 at 12.24.24.jpeg", "17/05/2018 11:12:28", "josephaditya", "VOLANTIS", "69.575", "16/04/2018 12:31:53", "EF-B4-05-DA-6A-28-7C-46-E5-E8-8C-15-DE-C9-15-11-2D-02-BE-81", "Sent"
"8", "1.png", "17/05/2018 11:32:04", "josephaditya", "VOLANTIS", "36.461", "25/04/2018 22:16:06", "7C-BC-E8-AE-24-72-46-D7-D4-A2-BA-29-84-DD-AA-AD-48-C1-2A-B0", "Sent"
"9", "10.png", "17/05/2018 11:32:04", "josephaditya", "VOLANTIS", "84.726", "26/04/2018 09:53:19", "2D-8C-75-C4-16-EC-E5-E9-C1-A6-6E-F1-11-63-5F-1A-A8-AA-35-7A", "Sent"
"10", "11.png", "17/05/2018 11:32:04", "josephaditya", "VOLANTIS", "87.686", "26/04/2018 10:07:18", "90-A6-58-8C-19-C8-11-59-85-F3-11-E4-36-30-C2-9D-07-CC-FA-45", "Sent"
"11", "12a.png", "17/05/2018 11:32:04", "josephaditya", "VOLANTIS", "53.786", "26/04/2018 10:23:33", "6B-46-E2-DA-B5-6F-FC-18-1C-69-64-04-90-9F-0B-93-2A-04-5D-D5", "Sent"
"12", "13.png", "17/05/2018 11:32:04", "josephaditya", "VOLANTIS", "41.889", "26/04/2018 10:26:02", "47-6A-39-8E-34-BE-D8-D4-88-03-51-F6-69-DE-B6-48-B5-F3-FA-D0", "Sent"
"13", "13a.png", "17/05/2018 11:32:04", "josephaditya", "VOLANTIS", "78.293", "26/04/2018 10:25:44", "AF-D6-39-B0-2F-88-34-5E-8E-D9-49-2F-8D-3C-07-83-03-78-93-EA", "Sent"
"14", "2.png", "17/05/2018 11:32:04", "josephaditya", "VOLANTIS", "67.627", "26/04/2018 07:32:06", "BD-8C-9C-C7-33-A4-92-AD-17-8A-95-77-B8-DD-47-14-94-2B-0B-DD", "Sent"
"15", "3.png", "17/05/2018 11:32:04", "josephaditya", "VOLANTIS", "81.424", "26/04/2018 07:42:47", "2B-C1-58-97-63-8A-10-43-6D-51-E4-C4-88-7B-15-0A-09-78-ED-F1", "Sent"
"16", "4.png", "17/05/2018 11:32:04", "josephaditya", "VOLANTIS", "86.823", "26/04/2018 07:55:10", "94-E2-59-2F-10-3E-65-4E-ED-E0-03-BF-A4-06-B4-DB-1E-AE-4F-9C", "Sent"
"17", "5.png", "17/05/2018 11:32:04", "josephaditya", "VOLANTIS", "73.925", "26/04/2018 08:16:29", "0A-33-87-5A-D0-95-AD-66-7B-89-D7-9D-29-15-A8-D4-7A-48-42-7E", "Sent"
"18", "6.png", "17/05/2018 11:32:04", "josephaditya", "VOLANTIS", "37.017", "26/04/2018 08:19:16", "EC-69-13-70-53-59-EA-77-E2-34-63-7A-54-7A-4F-BF-FD-B6-FD-E9", "Sent"
"19", "7.jpg", "17/05/2018 11:32:04", "josephaditya", "VOLANTIS", "57.444", "26/04/2018 09:14:49", "5F-24-0A-DA-8C-DE-DF-30-EC-6E-CB-83-98-00-25-7F-0D-7A-7B-1E", "Sent"
"20", "8.png", "17/05/2018 11:32:04", "josephaditya", "VOLANTIS", "42.948", "26/04/2018 09:26:59", "44-FD-9F-64-77-7F-14-5B-A1-11-39-21-32-54-75-01-05-D3-A9-D4", "Sent"
"21", "9.png", "17/05/2018 11:32:04", "josephaditya", "VOLANTIS", "56.544", "26/04/2018 09:52:45", "B6-7B-3E-A5-A9-86-AE-DB-82-97-16-DB-CA-98-35-C7-59-92-FE-88", "Sent"
"22", "hackedbybinary.jpg", "17/05/2018 11:32:04", "josephaditya", "VOLANTIS", "10.680", "26/04/2018 07:52:43", "EB-09-2A-4A-12-9E-BC-CB-31-15-09-AF-E1-1D-11-73-05-1B-EB-B3", "Sent"
"23", "Screenshot_20180425-174540.jpg", "17/05/2018 11:32:04", "josephaditya", "VOLANTIS", "277.316", "26/04/2018 08:35:32", "9E-B4-7A-5E-9B-92-69-8E-29-60-A8-2A-49-0F-37-E8-98-AF-29-3F", "Sent"
"24", "Screenshot_20180425-180053.jpg", "17/05/2018 11:32:04", "josephaditya", "VOLANTIS", "308.818", "26/04/2018 08:35:32", "88-9F-EA-93-82-42-3E-1D-D8-7A-F2-21-EF-A5-E1-FB-A4-A8-BD-6A", "Sent"
"25", "Screenshot_20180425-220747.jpg", "17/05/2018 11:32:04", "josephaditya", "VOLANTIS", "292.175", "26/04/2018 08:35:32", "D4-FA-3A-C1-18-A0-7D-B6-1B-22-54-84-BD-08-2D-70-C8-64-04-0F", "Sent"
"26", "Screenshot_20180425-221158.jpg", "17/05/2018 11:32:04", "josephaditya", "VOLANTIS", "286.514", "26/04/2018 08:35:32", "1C-73-C9-8D-B3-F6-3D-FE-70-12-1B-10-FE-22-D9-1C-A6-C5-5F-29", "Sent"
"27", "Screenshot_20180426-073141.jpg", "17/05/2018 11:32:04", "josephaditya", "VOLANTIS", "358.371", "26/04/2018 08:35:32", "69-96-3C-AD-DB-82-96-2C-68-63-CA-CF-C5-EB-22-40-72-AC-BF-7C", "Sent"
"28", "Screenshot_20180426-080846.jpg", "17/05/2018 11:32:04", "josephaditya", "VOLANTIS", "210.186", "26/04/2018 08:35:32", "A8-70-4D-52-05-41-31-47-77-67-0A-91-40-9C-1E-BB-E6-EC-F6-87", "Sent"
"29", "temuan.txt", "17/05/2018 11:32:04", "josephaditya", "VOLANTIS", "2.655", "26/04/2018 10:26:31", "CB-09-91-0F-00-A8-BC-4D-17-2B-BB-8A-80-28-25-96-58-6B-CF-8D", "Sent"
"30", "Terimakase.rar", "17/05/2018 11:32:04", "josephaditya", "VOLANTIS", "2.286.007", "26/04/2018 10:36:06", "D1-56-4F-B5-19-01-8F-99-FA-F5-BD-E4-5B-E2-6E-26-61-6E-FC-D4", "Sent"
"31", "email-1199488825.zip", "17/05/2018 11:32:04", "josephaditya", "VOLANTIS", "1.302.875", "03/05/2018 19:29:16", "84-46-BD-CE-0B-4A-24-77-3A-69-3F-DB-34-8E-DD-44-91-2B-D7-E5", "Sent"
"32", "New Text Document.txt", "17/05/2018 12:14:02", "josephaditya", "GONJOTD", "0", "5/17/2018 12:00:37 PM", "DA-39-A3-EE-5E-6B-4B-0D-32-55-BF-EF-95-60-18-90-AF-D8-07-09", "Sent"
"33", "dotNetFx40_Full_x86_x64.exe", "17/05/2018 12:14:02", "josephaditya", "GONJOTD", "50.449.456", "3/19/2010 8:44:38 AM", "58-DA-3D-74-DB-35-3A-AD-03-58-8C-BB-5C-EA-82-34-16-6D-8B-99", "Sent"
